timeStamp,elapsed,label,responseCode,responseMessage,threadName,dataType,success,failureMessage,bytes,sentBytes,grpThreads,allThreads,URL,Latency,IdleTime,Connect
1688548957189,0,,Non HTTP response code: java.net.MalformedURLException,Non HTTP response message: Illegal character found in host: '/',Endurance Test 1-1,text,false,,822,0,1,1,null,0,0,0
1688548957232,0,,Non HTTP response code: java.net.MalformedURLException,Non HTTP response message: Illegal character found in host: '/',Endurance Test 1-2,text,false,,822,0,2,2,null,0,0,0
1688548957283,0,,Non HTTP response code: java.net.MalformedURLException,Non HTTP response message: Illegal character found in host: '/',Endurance Test 1-3,text,false,,822,0,3,3,null,0,0,0
1688548957334,0,,Non HTTP response code: java.net.MalformedURLException,Non HTTP response message: Illegal character found in host: '/',Endurance Test 1-4,text,false,,822,0,4,4,null,0,0,0
1688548957383,0,,Non HTTP response code: java.net.MalformedURLException,Non HTTP response message: Illegal character found in host: '/',Endurance Test 1-5,text,false,,822,0,5,5,null,0,0,0
1688548957429,0,,Non HTTP response code: java.net.MalformedURLException,Non HTTP response message: Illegal character found in host: '/',Endurance Test 1-6,text,false,,822,0,6,6,null,0,0,0
1688548957482,0,,Non HTTP response code: java.net.MalformedURLException,Non HTTP response message: Illegal character found in host: '/',Endurance Test 1-7,text,false,,822,0,7,7,null,0,0,0
1688548957526,0,,Non HTTP response code: java.net.MalformedURLException,Non HTTP response message: Illegal character found in host: '/',Endurance Test 1-8,text,false,,822,0,8,8,null,0,0,0
1688548957577,0,,Non HTTP response code: java.net.MalformedURLException,Non HTTP response message: Illegal character found in host: '/',Endurance Test 1-9,text,false,,822,0,9,9,null,0,0,0
1688548957639,0,,Non HTTP response code: java.net.MalformedURLException,Non HTTP response message: Illegal character found in host: '/',Endurance Test 1-10,text,false,,822,0,10,10,null,0,0,0
1688548957685,0,,Non HTTP response code: java.net.MalformedURLException,Non HTTP response message: Illegal character found in host: '/',Endurance Test 1-11,text,false,,822,0,11,11,null,0,0,0
1688548957729,0,,Non HTTP response code: java.net.MalformedURLException,Non HTTP response message: Illegal character found in host: '/',Endurance Test 1-12,text,false,,822,0,12,12,null,0,0,0
1688548957257,554,Get Users,200,OK,Endurance Test 1-2,text,true,,1699,160,12,12,https://dummyjson.com/users/1?postid=1,552,0,389
1688548957216,594,Get Users,200,OK,Endurance Test 1-1,text,true,,1699,160,12,12,https://dummyjson.com/users/1?postid=1,594,0,430
1688548957292,518,Get Users,200,OK,Endurance Test 1-3,text,true,,1699,160,12,12,https://dummyjson.com/users/1?postid=1,518,0,355
1688548957347,474,Get Users,200,OK,Endurance Test 1-4,text,true,,1699,160,13,13,https://dummyjson.com/users/1?postid=1,474,0,320
1688548957821,0,,Non HTTP response code: java.net.MalformedURLException,Non HTTP response message: Illegal character found in host: '/',Endurance Test 1-13,text,false,,822,0,13,13,null,0,0,0
1688548957840,0,,Non HTTP response code: java.net.MalformedURLException,Non HTTP response message: Illegal character found in host: '/',Endurance Test 1-14,text,false,,822,0,14,14,null,0,0,0
1688548957393,486,Get Users,200,OK,Endurance Test 1-5,text,true,,1699,160,14,14,https://dummyjson.com/users/1?postid=1,486,0,328
1688548957885,0,,Non HTTP response code: java.net.MalformedURLException,Non HTTP response message: Illegal character found in host: '/',Endurance Test 1-15,text,false,,822,0,15,15,null,0,0,0
1688548957432,471,Get Users,200,OK,Endurance Test 1-6,text,true,,1699,160,15,15,https://dummyjson.com/users/1?postid=1,471,0,316
1688548957935,0,,Non HTTP response code: java.net.MalformedURLException,Non HTTP response message: Illegal character found in host: '/',Endurance Test 1-16,text,false,,822,0,16,16,null,0,0,0
1688548957485,485,Get Users,200,OK,Endurance Test 1-7,text,true,,1699,160,16,16,https://dummyjson.com/users/1?postid=1,485,0,329
1688548957815,155,Create a user,200,OK,Endurance Test 1-3,text,true,,1193,237,16,16,https://dummyjson.com/users/add,155,0,0
1688548957816,155,Create a user,200,OK,Endurance Test 1-2,text,true,,1193,237,16,16,https://dummyjson.com/users/add,155,0,0
1688548957815,157,Create a user,200,OK,Endurance Test 1-1,text,true,,1193,237,16,16,https://dummyjson.com/users/add,157,0,0
1688548957821,152,Create a user,200,OK,Endurance Test 1-4,text,true,,1193,237,16,16,https://dummyjson.com/users/add,152,0,0
1688548957986,0,,Non HTTP response code: java.net.MalformedURLException,Non HTTP response message: Illegal character found in host: '/',Endurance Test 1-17,text,false,,822,0,17,17,null,0,0,0
1688548957527,473,Get Users,200,OK,Endurance Test 1-8,text,true,,1699,160,17,17,https://dummyjson.com/users/1?postid=1,473,0,317
1688548957879,155,Create a user,200,OK,Endurance Test 1-5,text,true,,1193,237,18,18,https://dummyjson.com/users/add,155,0,0
1688548958034,0,,Non HTTP response code: java.net.MalformedURLException,Non HTTP response message: Illegal character found in host: '/',Endurance Test 1-18,text,false,,822,0,18,18,null,0,0,0
1688548957582,471,Get Users,200,OK,Endurance Test 1-9,text,true,,1699,160,18,18,https://dummyjson.com/users/1?postid=1,471,0,316
1688548957903,154,Create a user,200,OK,Endurance Test 1-6,text,true,,1193,237,18,18,https://dummyjson.com/users/add,154,0,0
1688548958085,0,,Non HTTP response code: java.net.MalformedURLException,Non HTTP response message: Illegal character found in host: '/',Endurance Test 1-19,text,false,,822,0,19,19,null,0,0,0
1688548957642,471,Get Users,200,OK,Endurance Test 1-10,text,true,,1699,160,19,19,https://dummyjson.com/users/1?postid=1,471,0,315
1688548957970,155,Create a user,200,OK,Endurance Test 1-7,text,true,,1193,237,19,19,https://dummyjson.com/users/add,155,0,0
1688548957971,154,Delete user,200,OK,Endurance Test 1-3,text,true,,1755,237,19,19,https://dummyjson.com/users/1,154,0,0
1688548957971,154,Delete user,200,OK,Endurance Test 1-2,text,true,,1755,237,19,19,https://dummyjson.com/users/1,154,0,0
1688548957973,156,Delete user,200,OK,Endurance Test 1-4,text,true,,1754,237,19,19,https://dummyjson.com/users/1,156,0,0
1688548957972,157,Delete user,200,OK,Endurance Test 1-1,text,true,,1755,237,19,19,https://dummyjson.com/users/1,157,0,0
1688548958139,0,,Non HTTP response code: java.net.MalformedURLException,Non HTTP response message: Illegal character found in host: '/',Endurance Test 1-20,text,false,,822,0,20,20,null,0,0,0
1688548958000,155,Create a user,200,OK,Endurance Test 1-8,text,true,,1192,237,20,20,https://dummyjson.com/users/add,155,0,0
1688548957689,470,Get Users,200,OK,Endurance Test 1-11,text,true,,1698,160,20,20,https://dummyjson.com/users/1?postid=1,470,0,315
1688548958034,154,Delete user,200,OK,Endurance Test 1-5,text,true,,1754,237,20,20,https://dummyjson.com/users/1,154,0,0
1688548957733,470,Get Users,200,OK,Endurance Test 1-12,text,true,,1698,160,20,20,https://dummyjson.com/users/1?postid=1,470,0,315
1688548958062,160,Create a user,200,OK,Endurance Test 1-9,text,true,,1192,237,20,20,https://dummyjson.com/users/add,160,0,0
1688548958062,160,Delete user,200,OK,Endurance Test 1-6,text,true,,1754,237,20,20,https://dummyjson.com/users/1,160,0,0
1688548958118,155,Create a user,200,OK,Endurance Test 1-10,text,true,,1192,237,20,20,https://dummyjson.com/users/add,155,0,0
1688548958126,153,Delete user,200,OK,Endurance Test 1-7,text,true,,1754,237,20,20,https://dummyjson.com/users/1,153,0,0
1688548958126,153,Update a user,200,OK,Endurance Test 1-2,text,true,,1491,234,20,20,https://dummyjson.com/users/1,153,0,0
1688548958126,153,Update a user,200,OK,Endurance Test 1-3,text,true,,1491,234,20,20,https://dummyjson.com/users/1,153,0,0
1688548958131,153,Update a user,200,OK,Endurance Test 1-4,text,true,,1491,234,18,18,https://dummyjson.com/users/1,153,0,0
1688548958131,155,Update a user,200,OK,Endurance Test 1-1,text,true,,1491,234,18,18,https://dummyjson.com/users/1,155,0,0
1688548957822,465,Get Users,200,OK,Endurance Test 1-13,text,true,,1698,160,17,17,https://dummyjson.com/users/1?postid=1,465,0,311
1688548957841,460,Get Users,200,OK,Endurance Test 1-14,text,true,,1698,160,16,16,https://dummyjson.com/users/1?postid=1,460,0,308
1688548958156,154,Delete user,200,OK,Endurance Test 1-8,text,true,,1754,237,16,16,https://dummyjson.com/users/1,154,0,0
1688548958159,155,Create a user,200,OK,Endurance Test 1-11,text,true,,1192,237,16,16,https://dummyjson.com/users/add,155,0,0
1688548957886,461,Get Users,200,OK,Endurance Test 1-15,text,true,,1698,160,16,16,https://dummyjson.com/users/1?postid=1,461,0,308
1688548958194,154,Update a user,200,OK,Endurance Test 1-5,text,true,,1491,234,16,16,https://dummyjson.com/users/1,154,0,0
1688548958204,155,Create a user,200,OK,Endurance Test 1-12,text,true,,1192,237,15,15,https://dummyjson.com/users/add,155,0,0
1688548958227,156,Update a user,200,OK,Endurance Test 1-6,text,true,,1491,234,15,15,https://dummyjson.com/users/1,156,0,0
1688548958227,156,Delete user,200,OK,Endurance Test 1-9,text,true,,1754,237,15,15,https://dummyjson.com/users/1,156,0,0
1688548957943,466,Get Users,200,OK,Endurance Test 1-16,text,true,,1698,160,14,14,https://dummyjson.com/users/1?postid=1,466,0,311
1688548958274,156,Delete user,200,OK,Endurance Test 1-10,text,true,,1754,237,14,14,https://dummyjson.com/users/1,156,0,0
1688548958279,157,Update a user,200,OK,Endurance Test 1-7,text,true,,1491,234,14,14,https://dummyjson.com/users/1,157,0,0
1688548958288,154,Create a user,200,OK,Endurance Test 1-13,text,true,,1192,237,13,13,https://dummyjson.com/users/add,154,0,0
1688548957987,464,Get Users,200,OK,Endurance Test 1-17,text,true,,1698,160,13,13,https://dummyjson.com/users/1?postid=1,464,0,311
1688548958302,153,Create a user,200,OK,Endurance Test 1-14,text,true,,1192,237,13,13,https://dummyjson.com/users/add,153,0,0
1688548958311,154,Update a user,200,OK,Endurance Test 1-8,text,true,,1491,234,13,13,https://dummyjson.com/users/1,154,0,0
1688548958314,159,Delete user,200,OK,Endurance Test 1-11,text,true,,1754,237,12,12,https://dummyjson.com/users/1,159,0,0
1688548958035,465,Get Users,200,OK,Endurance Test 1-18,text,true,,1698,160,12,12,https://dummyjson.com/users/1?postid=1,465,0,311
1688548958348,163,Create a user,200,OK,Endurance Test 1-15,text,true,,1192,237,12,12,https://dummyjson.com/users/add,163,0,0
1688548958360,160,Delete user,200,OK,Endurance Test 1-12,text,true,,1754,237,12,12,https://dummyjson.com/users/1,160,0,0
1688548958383,155,Update a user,200,OK,Endurance Test 1-9,text,true,,1491,234,12,12,https://dummyjson.com/users/1,155,0,0
1688548958098,463,Get Users,200,OK,Endurance Test 1-19,text,true,,1698,160,11,11,https://dummyjson.com/users/1?postid=1,463,0,311
1688548958409,155,Create a user,200,OK,Endurance Test 1-16,text,true,,1192,237,11,11,https://dummyjson.com/users/add,155,0,0
1688548958430,154,Update a user,200,OK,Endurance Test 1-10,text,true,,1491,234,11,11,https://dummyjson.com/users/1,154,0,0
1688548958443,154,Delete user,200,OK,Endurance Test 1-13,text,true,,1754,237,10,10,https://dummyjson.com/users/1,154,0,0
1688548958143,460,Get Users,200,OK,Endurance Test 1-20,text,true,,1698,160,10,10,https://dummyjson.com/users/1?postid=1,460,0,307
1688548958452,152,Create a user,200,OK,Endurance Test 1-17,text,true,,1192,237,10,10,https://dummyjson.com/users/add,152,0,0
1688548958455,152,Delete user,200,OK,Endurance Test 1-14,text,true,,1754,237,10,10,https://dummyjson.com/users/1,152,0,0
1688548958474,154,Update a user,200,OK,Endurance Test 1-11,text,true,,1491,234,10,10,https://dummyjson.com/users/1,154,0,0
1688548958500,153,Create a user,200,OK,Endurance Test 1-18,text,true,,1192,237,9,9,https://dummyjson.com/users/add,153,0,0
1688548958511,153,Delete user,200,OK,Endurance Test 1-15,text,true,,1754,237,9,9,https://dummyjson.com/users/1,153,0,0
1688548958520,155,Update a user,200,OK,Endurance Test 1-12,text,true,,1491,234,9,9,https://dummyjson.com/users/1,155,0,0
1688548958564,153,Delete user,200,OK,Endurance Test 1-16,text,true,,1754,237,8,8,https://dummyjson.com/users/1,153,0,0
1688548958562,157,Create a user,200,OK,Endurance Test 1-19,text,true,,1192,237,8,8,https://dummyjson.com/users/add,157,0,0
1688548958597,156,Update a user,200,OK,Endurance Test 1-13,text,true,,1491,234,8,8,https://dummyjson.com/users/1,156,0,0
1688548958603,152,Create a user,200,OK,Endurance Test 1-20,text,true,,1192,237,7,7,https://dummyjson.com/users/add,152,0,0
1688548958604,152,Delete user,200,OK,Endurance Test 1-17,text,true,,1754,237,7,7,https://dummyjson.com/users/1,152,0,0
1688548958607,152,Update a user,200,OK,Endurance Test 1-14,text,true,,1491,234,7,7,https://dummyjson.com/users/1,152,0,0
1688548958653,153,Delete user,200,OK,Endurance Test 1-18,text,true,,1754,237,6,6,https://dummyjson.com/users/1,153,0,0
1688548958664,153,Update a user,200,OK,Endurance Test 1-15,text,true,,1491,234,6,6,https://dummyjson.com/users/1,153,0,0
1688548958717,154,Update a user,200,OK,Endurance Test 1-16,text,true,,1491,234,5,5,https://dummyjson.com/users/1,154,0,0
1688548958719,152,Delete user,200,OK,Endurance Test 1-19,text,true,,1754,237,5,5,https://dummyjson.com/users/1,152,0,0
1688548958755,157,Delete user,200,OK,Endurance Test 1-20,text,true,,1754,237,4,4,https://dummyjson.com/users/1,157,0,0
1688548958756,156,Update a user,200,OK,Endurance Test 1-17,text,true,,1491,234,4,4,https://dummyjson.com/users/1,156,0,0
1688548958806,154,Update a user,200,OK,Endurance Test 1-18,text,true,,1491,234,3,3,https://dummyjson.com/users/1,154,0,0
1688548958871,154,Update a user,200,OK,Endurance Test 1-19,text,true,,1491,234,2,2,https://dummyjson.com/users/1,154,0,0
1688548958913,154,Update a user,200,OK,Endurance Test 1-20,text,true,,1491,234,1,1,https://dummyjson.com/users/1,154,0,0
1688556015881,796,GET All Activities,200,OK,StressTest 1-1,text,true,,36933,149,17,17,https://dummyjson.com/users,789,0,479
1688556015978,698,GET All Activities,200,OK,StressTest 1-4,text,true,,36933,149,17,17,https://dummyjson.com/users,692,0,382
1688556015931,761,GET All Activities,200,OK,StressTest 1-3,text,true,,36933,149,17,17,https://dummyjson.com/users,761,0,432
1688556016028,664,GET All Activities,200,OK,StressTest 1-5,text,true,,36933,149,17,17,https://dummyjson.com/users,664,0,332
1688556015883,809,GET All Activities,200,OK,StressTest 1-2,text,true,,36933,149,17,17,https://dummyjson.com/users,807,0,477
1688556016079,694,GET All Activities,200,OK,StressTest 1-6,text,true,,36933,149,19,19,https://dummyjson.com/users,693,0,317
1688556016128,646,GET All Activities,200,OK,StressTest 1-7,text,true,,36933,149,19,19,https://dummyjson.com/users,645,0,317
1688556016182,626,GET All Activities,200,OK,StressTest 1-8,text,true,,36933,149,20,20,https://dummyjson.com/users,484,0,318
1688556016701,104,Get Users,Non HTTP response code: java.net.UnknownHostException,Non HTTP response message: mywebappbbfinal-appservice.scm.azurewebsites.net,StressTest 1-2,text,false,,2126,0,20,20,https://mywebappbbfinal-appservice.scm.azurewebsites.net/comments/?postid=1,0,0,101
1688556016700,105,Get Users,Non HTTP response code: java.net.UnknownHostException,Non HTTP response message: mywebappbbfinal-appservice.scm.azurewebsites.net,StressTest 1-4,text,false,,2126,0,20,20,https://mywebappbbfinal-appservice.scm.azurewebsites.net/comments/?postid=1,0,0,103
1688556016774,31,Get Users,Non HTTP response code: java.net.UnknownHostException,Non HTTP response message: mywebappbbfinal-appservice.scm.azurewebsites.net,StressTest 1-6,text,false,,2126,0,20,20,https://mywebappbbfinal-appservice.scm.azurewebsites.net/comments/?postid=1,0,0,28
1688556016775,30,Get Users,Non HTTP response code: java.net.UnknownHostException,Non HTTP response message: mywebappbbfinal-appservice.scm.azurewebsites.net,StressTest 1-7,text,false,,2126,0,20,20,https://mywebappbbfinal-appservice.scm.azurewebsites.net/comments/?postid=1,0,0,28
1688556016700,105,Get Users,Non HTTP response code: java.net.UnknownHostException,Non HTTP response message: mywebappbbfinal-appservice.scm.azurewebsites.net,StressTest 1-1,text,false,,2126,0,20,20,https://mywebappbbfinal-appservice.scm.azurewebsites.net/comments/?postid=1,0,0,102
1688556016701,104,Get Users,Non HTTP response code: java.net.UnknownHostException,"Non HTTP response message: mywebappbbfinal-appservice.scm.azurewebsites.net: nodename nor servname provided, or not known",StressTest 1-5,text,false,,2378,0,20,20,https://mywebappbbfinal-appservice.scm.azurewebsites.net/comments/?postid=1,0,0,101
1688556016814,2,Get Users,Non HTTP response code: java.net.UnknownHostException,Non HTTP response message: mywebappbbfinal-appservice.scm.azurewebsites.net,StressTest 1-8,text,false,,2126,0,14,14,https://mywebappbbfinal-appservice.scm.azurewebsites.net/comments/?postid=1,0,0,1
1688556016701,104,Get Users,Non HTTP response code: java.net.UnknownHostException,Non HTTP response message: mywebappbbfinal-appservice.scm.azurewebsites.net,StressTest 1-3,text,false,,2126,0,13,13,https://mywebappbbfinal-appservice.scm.azurewebsites.net/comments/?postid=1,0,0,101
1688556016253,673,GET All Activities,200,OK,StressTest 1-9,text,true,,36933,149,12,12,https://dummyjson.com/users,672,0,314
1688556016930,1,Get Users,Non HTTP response code: java.net.UnknownHostException,Non HTTP response message: mywebappbbfinal-appservice.scm.azurewebsites.net,StressTest 1-9,text,false,,2126,0,12,12,https://mywebappbbfinal-appservice.scm.azurewebsites.net/comments/?postid=1,0,0,1
1688556016323,625,GET All Activities,200,OK,StressTest 1-10,text,true,,36933,149,11,11,https://dummyjson.com/users,472,0,317
1688556016948,1,Get Users,Non HTTP response code: java.net.UnknownHostException,Non HTTP response message: mywebappbbfinal-appservice.scm.azurewebsites.net,StressTest 1-10,text,false,,2126,0,11,11,https://mywebappbbfinal-appservice.scm.azurewebsites.net/comments/?postid=1,0,0,0
1688556016349,634,GET All Activities,200,OK,StressTest 1-11,text,true,,36933,149,10,10,https://dummyjson.com/users,480,0,321
1688556016984,0,Get Users,Non HTTP response code: java.net.UnknownHostException,Non HTTP response message: mywebappbbfinal-appservice.scm.azurewebsites.net,StressTest 1-11,text,false,,2126,0,10,10,https://mywebappbbfinal-appservice.scm.azurewebsites.net/comments/?postid=1,0,0,0
1688556016383,691,GET All Activities,200,OK,StressTest 1-12,text,true,,36933,149,9,9,https://dummyjson.com/users,690,0,320
1688556017075,1,Get Users,Non HTTP response code: java.net.UnknownHostException,Non HTTP response message: mywebappbbfinal-appservice.scm.azurewebsites.net,StressTest 1-12,text,false,,2126,0,9,9,https://mywebappbbfinal-appservice.scm.azurewebsites.net/comments/?postid=1,0,0,1
1688556016431,662,GET All Activities,200,OK,StressTest 1-13,text,true,,36933,149,8,8,https://dummyjson.com/users,662,0,346
1688556017094,0,Get Users,Non HTTP response code: java.net.UnknownHostException,Non HTTP response message: mywebappbbfinal-appservice.scm.azurewebsites.net,StressTest 1-13,text,false,,2126,0,8,8,https://mywebappbbfinal-appservice.scm.azurewebsites.net/comments/?postid=1,0,0,0
1688556016476,630,GET All Activities,200,OK,StressTest 1-14,text,true,,36933,149,7,7,https://dummyjson.com/users,630,0,316
1688556017107,0,Get Users,Non HTTP response code: java.net.UnknownHostException,Non HTTP response message: mywebappbbfinal-appservice.scm.azurewebsites.net,StressTest 1-14,text,false,,2126,0,7,7,https://mywebappbbfinal-appservice.scm.azurewebsites.net/comments/?postid=1,0,0,0
1688556016631,630,GET All Activities,200,OK,StressTest 1-17,text,true,,36933,149,6,6,https://dummyjson.com/users,630,0,311
1688556016580,681,GET All Activities,200,OK,StressTest 1-16,text,true,,36933,149,6,6,https://dummyjson.com/users,681,0,355
1688556016530,731,GET All Activities,200,OK,StressTest 1-15,text,true,,36933,149,6,6,https://dummyjson.com/users,730,0,394
1688556017262,1,Get Users,Non HTTP response code: java.net.UnknownHostException,Non HTTP response message: mywebappbbfinal-appservice.scm.azurewebsites.net,StressTest 1-15,text,false,,2126,0,6,6,https://mywebappbbfinal-appservice.scm.azurewebsites.net/comments/?postid=1,0,0,1
1688556017262,1,Get Users,Non HTTP response code: java.net.UnknownHostException,Non HTTP response message: mywebappbbfinal-appservice.scm.azurewebsites.net,StressTest 1-17,text,false,,2126,0,6,6,https://mywebappbbfinal-appservice.scm.azurewebsites.net/comments/?postid=1,0,0,1
1688556017262,1,Get Users,Non HTTP response code: java.net.UnknownHostException,Non HTTP response message: mywebappbbfinal-appservice.scm.azurewebsites.net,StressTest 1-16,text,false,,2126,0,6,6,https://mywebappbbfinal-appservice.scm.azurewebsites.net/comments/?postid=1,0,0,1
1688556016730,657,GET All Activities,200,OK,StressTest 1-19,text,true,,36933,149,3,3,https://dummyjson.com/users,654,0,348
1688556016700,687,GET All Activities,200,OK,StressTest 1-18,text,true,,36933,149,3,3,https://dummyjson.com/users,547,0,378
1688556017387,2,Get Users,Non HTTP response code: java.net.UnknownHostException,Non HTTP response message: mywebappbbfinal-appservice.scm.azurewebsites.net,StressTest 1-18,text,false,,2126,0,3,3,https://mywebappbbfinal-appservice.scm.azurewebsites.net/comments/?postid=1,0,0,2
1688556017387,2,Get Users,Non HTTP response code: java.net.UnknownHostException,Non HTTP response message: mywebappbbfinal-appservice.scm.azurewebsites.net,StressTest 1-19,text,false,,2126,0,3,3,https://mywebappbbfinal-appservice.scm.azurewebsites.net/comments/?postid=1,0,0,2
1688556016785,618,GET All Activities,200,OK,StressTest 1-20,text,true,,36933,149,1,1,https://dummyjson.com/users,617,0,312
1688556017403,1,Get Users,Non HTTP response code: java.net.UnknownHostException,Non HTTP response message: mywebappbbfinal-appservice.scm.azurewebsites.net,StressTest 1-20,text,false,,2126,0,1,1,https://mywebappbbfinal-appservice.scm.azurewebsites.net/comments/?postid=1,0,0,1
1688556198172,806,GET All Activities,200,OK,StressTest 1-1,text,true,,36933,149,18,18,https://dummyjson.com/users,802,0,482
1688556198244,731,GET All Activities,200,OK,StressTest 1-4,text,true,,36933,149,18,18,https://dummyjson.com/users,729,0,405
1688556198328,650,GET All Activities,200,OK,StressTest 1-5,text,true,,36933,149,18,18,https://dummyjson.com/users,645,0,327
1688556198337,642,GET All Activities,200,OK,StressTest 1-6,text,true,,36933,149,18,18,https://dummyjson.com/users,637,0,318
1688556198172,807,GET All Activities,200,OK,StressTest 1-2,text,true,,36933,149,18,18,https://dummyjson.com/users,802,0,483
1688556198196,780,GET All Activities,200,OK,StressTest 1-3,text,true,,36933,149,18,18,https://dummyjson.com/users,778,0,453
1688556198388,637,GET All Activities,200,OK,StressTest 1-7,text,true,,36933,149,19,19,https://dummyjson.com/users,631,0,324
1688556198440,625,GET All Activities,200,OK,StressTest 1-8,text,true,,36933,149,20,20,https://dummyjson.com/users,622,0,315
1688556198484,654,GET All Activities,200,OK,StressTest 1-9,text,true,,36933,149,20,20,https://dummyjson.com/users,651,0,317
1688556198991,164,Get User,200,OK,StressTest 1-5,text,true,,1699,196,20,20,https://dummyjson.com/users/1?postid=1&postid=2&postid=3&postid=4&postid=5,164,0,0
1688556198991,165,Get User,200,OK,StressTest 1-1,text,true,,1699,196,20,20,https://dummyjson.com/users/1?postid=1&postid=2&postid=3&postid=4&postid=5,165,0,0
1688556198991,168,Get User,200,OK,StressTest 1-4,text,true,,1699,196,20,20,https://dummyjson.com/users/1?postid=1&postid=2&postid=3&postid=4&postid=5,168,0,0
1688556198991,169,Get User,200,OK,StressTest 1-2,text,true,,1699,196,20,20,https://dummyjson.com/users/1?postid=1&postid=2&postid=3&postid=4&postid=5,169,0,0
1688556198991,169,Get User,200,OK,StressTest 1-6,text,true,,1699,196,20,20,https://dummyjson.com/users/1?postid=1&postid=2&postid=3&postid=4&postid=5,169,0,0
1688556198991,172,Get User,200,OK,StressTest 1-3,text,true,,1699,196,20,20,https://dummyjson.com/users/1?postid=1&postid=2&postid=3&postid=4&postid=5,172,0,0
1688556198555,626,GET All Activities,200,OK,StressTest 1-10,text,true,,36933,149,20,20,https://dummyjson.com/users,621,0,314
1688556199027,154,Get User,200,OK,StressTest 1-7,text,true,,1699,196,20,20,https://dummyjson.com/users/1?postid=1&postid=2&postid=3&postid=4&postid=5,154,0,0
1688556198593,625,GET All Activities,200,OK,StressTest 1-11,text,true,,36933,149,20,20,https://dummyjson.com/users,622,0,312
1688556199066,153,Get User,200,OK,StressTest 1-8,text,true,,1698,196,20,20,https://dummyjson.com/users/1?postid=1&postid=2&postid=3&postid=4&postid=5,153,0,0
1688556198636,626,GET All Activities,200,OK,StressTest 1-12,text,true,,36933,149,20,20,https://dummyjson.com/users,624,0,318
1688556199138,159,Get User,200,OK,StressTest 1-9,text,true,,1698,196,20,20,https://dummyjson.com/users/1?postid=1&postid=2&postid=3&postid=4&postid=5,159,0,0
1688556199155,161,create user,200,OK,StressTest 1-5,text,true,,1192,237,20,20,https://dummyjson.com/users/add,161,0,0
1688556199160,162,create user,200,OK,StressTest 1-6,text,true,,1192,237,19,19,https://dummyjson.com/users/add,160,0,0
1688556199160,162,create user,200,OK,StressTest 1-2,text,true,,1192,237,19,19,https://dummyjson.com/users/add,161,0,0
1688556199156,166,create user,200,OK,StressTest 1-1,text,true,,1192,237,19,19,https://dummyjson.com/users/add,164,0,0
1688556198688,634,GET All Activities,200,OK,StressTest 1-13,text,true,,36933,149,18,18,https://dummyjson.com/users,475,0,320
1688556199160,161,create user,200,OK,StressTest 1-4,text,true,,1192,237,18,18,https://dummyjson.com/users/add,161,0,0
1688556199163,160,create user,200,OK,StressTest 1-3,text,true,,1192,237,17,17,https://dummyjson.com/users/add,159,0,0
1688556199181,154,create user,200,OK,StressTest 1-7,text,true,,1192,237,14,14,https://dummyjson.com/users/add,154,0,0
1688556199181,154,Get User,200,OK,StressTest 1-10,text,true,,1698,196,14,14,https://dummyjson.com/users/1?postid=1&postid=2&postid=3&postid=4&postid=5,154,0,0
1688556199219,156,create user,200,OK,StressTest 1-8,text,true,,1192,237,13,13,https://dummyjson.com/users/add,156,0,0
1688556198746,630,GET All Activities,200,OK,StressTest 1-14,text,true,,36932,149,12,12,https://dummyjson.com/users,629,0,316
1688556199218,158,Get User,200,OK,StressTest 1-11,text,true,,1698,196,12,12,https://dummyjson.com/users/1?postid=1&postid=2&postid=3&postid=4&postid=5,158,0,0
1688556198789,628,GET All Activities,200,OK,StressTest 1-15,text,true,,36932,149,12,12,https://dummyjson.com/users,626,0,318
1688556199274,155,Get User,200,OK,StressTest 1-12,text,true,,1698,196,12,12,https://dummyjson.com/users/1?postid=1&postid=2&postid=3&postid=4&postid=5,155,0,0
1688556199299,155,create user,200,OK,StressTest 1-9,text,true,,1192,237,12,12,https://dummyjson.com/users/add,155,0,0
1688556198833,643,GET All Activities,200,OK,StressTest 1-16,text,true,,36932,149,11,11,https://dummyjson.com/users,640,0,327
1688556199328,156,Get User,200,OK,StressTest 1-13,text,true,,1698,196,11,11,https://dummyjson.com/users/1?postid=1&postid=2&postid=3&postid=4&postid=5,156,0,0
1688556199336,155,create user,200,OK,StressTest 1-10,text,true,,1192,237,11,11,https://dummyjson.com/users/add,155,0,0
1688556198882,626,GET All Activities,200,OK,StressTest 1-17,text,true,,36932,149,10,10,https://dummyjson.com/users,471,0,316
1688556199376,159,create user,200,OK,StressTest 1-11,text,true,,1192,237,10,10,https://dummyjson.com/users/add,159,0,0
1688556199376,159,Get User,200,OK,StressTest 1-14,text,true,,1698,196,10,10,https://dummyjson.com/users/1?postid=1&postid=2&postid=3&postid=4&postid=5,159,0,0
1688556198933,623,GET All Activities,200,OK,StressTest 1-18,text,true,,36932,149,9,9,https://dummyjson.com/users,621,0,313
1688556199429,158,create user,200,OK,StressTest 1-12,text,true,,1192,237,9,9,https://dummyjson.com/users/add,155,0,0
1688556199418,169,Get User,200,OK,StressTest 1-15,text,true,,1698,196,8,8,https://dummyjson.com/users/1?postid=1&postid=2&postid=3&postid=4&postid=5,165,0,0
1688556199476,155,Get User,200,OK,StressTest 1-16,text,true,,1698,196,8,8,https://dummyjson.com/users/1?postid=1&postid=2&postid=3&postid=4&postid=5,155,0,0
1688556198991,646,GET All Activities,200,OK,StressTest 1-19,text,true,,36932,149,8,8,https://dummyjson.com/users,642,0,336
1688556199484,153,create user,200,OK,StressTest 1-13,text,true,,1192,237,8,8,https://dummyjson.com/users/add,153,0,0
1688556199034,628,GET All Activities,200,OK,StressTest 1-20,text,true,,36932,149,7,7,https://dummyjson.com/users,622,0,311
1688556199508,155,Get User,200,OK,StressTest 1-17,text,true,,1698,196,7,7,https://dummyjson.com/users/1?postid=1&postid=2&postid=3&postid=4&postid=5,155,0,0
1688556199536,160,create user,200,OK,StressTest 1-14,text,true,,1192,237,7,7,https://dummyjson.com/users/add,160,0,0
1688556199556,157,Get User,200,OK,StressTest 1-18,text,true,,1698,196,6,6,https://dummyjson.com/users/1?postid=1&postid=2&postid=3&postid=4&postid=5,156,0,0
1688556199590,157,create user,200,OK,StressTest 1-15,text,true,,1192,237,6,6,https://dummyjson.com/users/add,157,0,0
1688556199632,154,create user,200,OK,StressTest 1-16,text,true,,1192,237,5,5,https://dummyjson.com/users/add,154,0,0
1688556199637,156,Get User,200,OK,StressTest 1-19,text,true,,1698,196,4,4,https://dummyjson.com/users/1?postid=1&postid=2&postid=3&postid=4&postid=5,156,0,0
1688556199665,157,Get User,200,OK,StressTest 1-20,text,true,,1698,196,4,4,https://dummyjson.com/users/1?postid=1&postid=2&postid=3&postid=4&postid=5,157,0,0
1688556199667,157,create user,200,OK,StressTest 1-17,text,true,,1192,237,4,4,https://dummyjson.com/users/add,157,0,0
1688556199713,154,create user,200,OK,StressTest 1-18,text,true,,1192,237,3,3,https://dummyjson.com/users/add,154,0,0
1688556199793,155,create user,200,OK,StressTest 1-19,text,true,,1192,237,2,2,https://dummyjson.com/users/add,155,0,0
1688556199822,158,create user,200,OK,StressTest 1-20,text,true,,1192,237,1,1,https://dummyjson.com/users/add,158,0,0
1688556425275,1184,GET All Activities,200,OK,StressTest 1-1,text,true,,36933,149,20,20,https://dummyjson.com/users,1034,0,863
1688556425581,885,GET All Activities,200,OK,StressTest 1-8,text,true,,36933,149,20,20,https://dummyjson.com/users,882,0,557
1688556425427,1039,GET All Activities,200,OK,StressTest 1-5,text,true,,36933,149,20,20,https://dummyjson.com/users,1036,0,717
1688556425682,784,GET All Activities,200,OK,StressTest 1-10,text,true,,36933,149,20,20,https://dummyjson.com/users,634,0,457
1688556425384,1131,GET All Activities,200,OK,StressTest 1-4,text,true,,36933,149,20,20,https://dummyjson.com/users,976,0,819
1688556425479,1036,GET All Activities,200,OK,StressTest 1-6,text,true,,36933,149,20,20,https://dummyjson.com/users,880,0,723
1688556425629,889,GET All Activities,200,OK,StressTest 1-9,text,true,,36933,149,20,20,https://dummyjson.com/users,883,0,574
1688556425290,1241,GET All Activities,200,OK,StressTest 1-2,text,true,,36933,149,20,20,https://dummyjson.com/users,1227,0,913
1688556425831,702,GET All Activities,200,OK,StressTest 1-13,text,true,,36933,149,20,20,https://dummyjson.com/users,537,0,372
1688556425783,750,GET All Activities,200,OK,StressTest 1-12,text,true,,36933,149,20,20,https://dummyjson.com/users,735,0,420
1688556425731,802,GET All Activities,200,OK,StressTest 1-11,text,true,,36933,149,20,20,https://dummyjson.com/users,786,0,471
1688556425333,1200,GET All Activities,200,OK,StressTest 1-3,text,true,,36933,149,20,20,https://dummyjson.com/users,1188,0,870
1688556425528,1006,GET All Activities,200,OK,StressTest 1-7,text,true,,36933,149,20,20,https://dummyjson.com/users,996,0,674
1688556425877,657,GET All Activities,200,OK,StressTest 1-14,text,true,,36933,149,20,20,https://dummyjson.com/users,644,0,325
1688556425929,622,GET All Activities,200,OK,StressTest 1-15,text,true,,36933,149,20,20,https://dummyjson.com/users,621,0,316
1688556425982,638,GET All Activities,200,OK,StressTest 1-16,text,true,,36933,149,20,20,https://dummyjson.com/users,477,0,322
1688556426471,154,Get User,200,OK,StressTest 1-8,text,true,,1699,196,20,20,https://dummyjson.com/users/1?postid=1&postid=2&postid=3&postid=4&postid=5,154,0,0
1688556426464,162,Get User,200,OK,StressTest 1-1,text,true,,1698,196,20,20,https://dummyjson.com/users/1?postid=1&postid=2&postid=3&postid=4&postid=5,162,0,0
1688556426470,157,Get User,200,OK,StressTest 1-10,text,true,,1698,196,20,20,https://dummyjson.com/users/1?postid=1&postid=2&postid=3&postid=4&postid=5,157,0,0
1688556426471,157,Get User,200,OK,StressTest 1-5,text,true,,1698,196,20,20,https://dummyjson.com/users/1?postid=1&postid=2&postid=3&postid=4&postid=5,157,0,0
1688556426033,621,GET All Activities,200,OK,StressTest 1-17,text,true,,36933,149,20,20,https://dummyjson.com/users,465,0,310
1688556426517,161,Get User,200,OK,StressTest 1-4,text,true,,1698,196,20,20,https://dummyjson.com/users/1?postid=1&postid=2&postid=3&postid=4&postid=5,161,0,0
1688556426517,161,Get User,200,OK,StressTest 1-6,text,true,,1698,196,20,20,https://dummyjson.com/users/1?postid=1&postid=2&postid=3&postid=4&postid=5,161,0,0
1688556426518,162,Get User,200,OK,StressTest 1-9,text,true,,1698,196,20,20,https://dummyjson.com/users/1?postid=1&postid=2&postid=3&postid=4&postid=5,162,0,0
1688556426532,152,Get User,200,OK,StressTest 1-2,text,true,,1698,196,20,20,https://dummyjson.com/users/1?postid=1&postid=2&postid=3&postid=4&postid=5,152,0,0
1688556426533,153,Get User,200,OK,StressTest 1-12,text,true,,1698,196,20,20,https://dummyjson.com/users/1?postid=1&postid=2&postid=3&postid=4&postid=5,153,0,0
1688556426534,155,Get User,200,OK,StressTest 1-14,text,true,,1698,196,20,20,https://dummyjson.com/users/1?postid=1&postid=2&postid=3&postid=4&postid=5,155,0,0
1688556426533,156,Get User,200,OK,StressTest 1-3,text,true,,1698,196,20,20,https://dummyjson.com/users/1?postid=1&postid=2&postid=3&postid=4&postid=5,156,0,0
1688556426533,156,Get User,200,OK,StressTest 1-11,text,true,,1698,196,20,20,https://dummyjson.com/users/1?postid=1&postid=2&postid=3&postid=4&postid=5,156,0,0
1688556426533,156,Get User,200,OK,StressTest 1-13,text,true,,1698,196,20,20,https://dummyjson.com/users/1?postid=1&postid=2&postid=3&postid=4&postid=5,156,0,0
1688556426534,156,Get User,200,OK,StressTest 1-7,text,true,,1698,196,20,20,https://dummyjson.com/users/1?postid=1&postid=2&postid=3&postid=4&postid=5,156,0,0
1688556426073,617,GET All Activities,200,OK,StressTest 1-18,text,true,,36933,149,20,20,https://dummyjson.com/users,616,0,310
1688556426551,156,Get User,200,OK,StressTest 1-15,text,true,,1698,196,20,20,https://dummyjson.com/users/1?postid=1&postid=2&postid=3&postid=4&postid=5,156,0,0
1688556426135,618,GET All Activities,200,OK,StressTest 1-19,text,true,,36933,149,20,20,https://dummyjson.com/users,618,0,310
1688556426621,158,Get User,200,OK,StressTest 1-16,text,true,,1698,196,20,20,https://dummyjson.com/users/1?postid=1&postid=2&postid=3&postid=4&postid=5,158,0,0
1688556426625,159,create user,200,OK,StressTest 1-8,text,true,,1192,237,20,20,https://dummyjson.com/users/add,159,0,0
1688556426626,158,create user,200,OK,StressTest 1-1,text,true,,1192,237,20,20,https://dummyjson.com/users/add,158,0,0
1688556426628,159,create user,200,OK,StressTest 1-5,text,true,,1192,237,20,20,https://dummyjson.com/users/add,159,0,0
1688556426627,163,create user,200,OK,StressTest 1-10,text,true,,1192,237,20,20,https://dummyjson.com/users/add,163,0,0
1688556426178,622,GET All Activities,200,OK,StressTest 1-20,text,true,,36932,149,20,20,https://dummyjson.com/users,469,0,311
1688556426654,156,Get User,200,OK,StressTest 1-17,text,true,,1698,196,20,20,https://dummyjson.com/users/1?postid=1&postid=2&postid=3&postid=4&postid=5,156,0,0
1688556426678,154,create user,200,OK,StressTest 1-6,text,true,,1192,237,20,20,https://dummyjson.com/users/add,154,0,0
1688556426678,154,create user,200,OK,StressTest 1-4,text,true,,1192,237,20,20,https://dummyjson.com/users/add,154,0,0
1688556426680,154,create user,200,OK,StressTest 1-9,text,true,,1192,237,20,20,https://dummyjson.com/users/add,154,0,0
1688556426684,154,create user,200,OK,StressTest 1-2,text,true,,1192,237,20,20,https://dummyjson.com/users/add,154,0,0
1688556426686,155,create user,200,OK,StressTest 1-12,text,true,,1192,237,20,20,https://dummyjson.com/users/add,155,0,0
1688556426689,155,create user,200,OK,StressTest 1-11,text,true,,1192,237,20,20,https://dummyjson.com/users/add,155,0,0
1688556426689,155,create user,200,OK,StressTest 1-14,text,true,,1192,237,20,20,https://dummyjson.com/users/add,155,0,0
1688556426690,160,create user,200,OK,StressTest 1-7,text,true,,1192,237,20,20,https://dummyjson.com/users/add,160,0,0
1688556426689,161,create user,200,OK,StressTest 1-13,text,true,,1192,237,20,20,https://dummyjson.com/users/add,161,0,0
1688556426689,161,create user,200,OK,StressTest 1-3,text,true,,1192,237,20,20,https://dummyjson.com/users/add,161,0,0
1688556426690,160,Get User,200,OK,StressTest 1-18,text,true,,1698,196,20,20,https://dummyjson.com/users/1?postid=1&postid=2&postid=3&postid=4&postid=5,160,0,0
1688556426707,154,create user,200,OK,StressTest 1-15,text,true,,1192,237,20,20,https://dummyjson.com/users/add,154,0,0
1688556426753,155,Get User,200,OK,StressTest 1-19,text,true,,1698,196,20,20,https://dummyjson.com/users/1?postid=1&postid=2&postid=3&postid=4&postid=5,155,0,0
1688556426784,158,update user,200,OK,StressTest 1-1,text,true,,1491,234,20,20,https://dummyjson.com/users/1,158,0,0
1688556426787,156,update user,200,OK,StressTest 1-5,text,true,,1491,234,20,20,https://dummyjson.com/users/1,156,0,0
1688556426784,157,update user,200,OK,StressTest 1-8,text,true,,1491,234,20,20,https://dummyjson.com/users/1,157,0,0
1688556426779,156,create user,200,OK,StressTest 1-16,text,true,,1192,237,20,20,https://dummyjson.com/users/add,156,0,0
1688556426790,162,update user,200,OK,StressTest 1-10,text,true,,1491,234,20,20,https://dummyjson.com/users/1,162,0,0
1688556426800,159,Get User,200,OK,StressTest 1-20,text,true,,1698,196,16,16,https://dummyjson.com/users/1?postid=1&postid=2&postid=3&postid=4&postid=5,159,0,0
1688556426810,157,create user,200,OK,StressTest 1-17,text,true,,1192,237,16,16,https://dummyjson.com/users/add,157,0,0
1688556426850,156,create user,200,OK,StressTest 1-18,text,true,,1192,237,16,16,https://dummyjson.com/users/add,156,0,0
1688556426838,169,update user,200,OK,StressTest 1-2,text,true,,1491,234,16,16,https://dummyjson.com/users/1,169,0,0
1688556426832,175,update user,200,OK,StressTest 1-6,text,true,,1491,234,16,16,https://dummyjson.com/users/1,175,0,0
1688556426835,172,update user,200,OK,StressTest 1-9,text,true,,1491,234,16,16,https://dummyjson.com/users/1,172,0,0
1688556426850,157,update user,200,OK,StressTest 1-7,text,true,,1491,234,16,16,https://dummyjson.com/users/1,157,0,0
1688556426845,161,update user,200,OK,StressTest 1-11,text,true,,1491,234,16,16,https://dummyjson.com/users/1,161,0,0
1688556426841,166,update user,200,OK,StressTest 1-12,text,true,,1491,234,16,16,https://dummyjson.com/users/1,166,0,0
1688556426845,161,update user,200,OK,StressTest 1-14,text,true,,1491,234,16,16,https://dummyjson.com/users/1,161,0,0
1688556426850,156,update user,200,OK,StressTest 1-13,text,true,,1491,234,16,16,https://dummyjson.com/users/1,156,0,0
1688556426832,175,update user,200,OK,StressTest 1-4,text,true,,1491,234,16,16,https://dummyjson.com/users/1,175,0,0
1688556426850,157,update user,200,OK,StressTest 1-3,text,true,,1491,234,16,16,https://dummyjson.com/users/1,157,0,0
1688556426861,155,update user,200,OK,StressTest 1-15,text,true,,1491,234,16,16,https://dummyjson.com/users/1,155,0,0
1688556426912,156,create user,200,OK,StressTest 1-19,text,true,,1192,237,5,5,https://dummyjson.com/users/add,156,0,0
1688556426947,163,update user,200,OK,StressTest 1-16,text,true,,1491,234,5,5,https://dummyjson.com/users/1,163,0,0
1688556426959,152,create user,200,OK,StressTest 1-20,text,true,,1192,237,4,4,https://dummyjson.com/users/add,152,0,0
1688556426968,155,update user,200,OK,StressTest 1-17,text,true,,1491,234,4,4,https://dummyjson.com/users/1,155,0,0
1688556427011,162,update user,200,OK,StressTest 1-18,text,true,,1491,234,3,3,https://dummyjson.com/users/1,162,0,0
1688556427069,156,update user,200,OK,StressTest 1-19,text,true,,1491,234,2,2,https://dummyjson.com/users/1,156,0,0
1688556427112,153,update user,200,OK,StressTest 1-20,text,true,,1491,234,1,1,https://dummyjson.com/users/1,152,0,0
1688556487227,720,GET All Activities,200,OK,StressTest 1-2,text,true,,36933,149,16,16,https://dummyjson.com/users,718,0,396
1688556487209,740,GET All Activities,200,OK,StressTest 1-1,text,true,,36933,149,16,16,https://dummyjson.com/users,736,0,417
1688556487324,634,GET All Activities,200,OK,StressTest 1-4,text,true,,36933,149,17,17,https://dummyjson.com/users,634,0,321
1688556487269,689,GET All Activities,200,OK,StressTest 1-3,text,true,,36933,149,17,17,https://dummyjson.com/users,543,0,376
1688556487368,641,GET All Activities,200,OK,StressTest 1-5,text,true,,36933,149,18,18,https://dummyjson.com/users,484,0,330
1688556487966,160,Get User,200,OK,StressTest 1-2,text,true,,1699,196,20,20,https://dummyjson.com/users/1?postid=1&postid=2&postid=3&postid=4&postid=5,160,0,0
1688556487966,161,Get User,200,OK,StressTest 1-3,text,true,,1699,196,20,20,https://dummyjson.com/users/1?postid=1&postid=2&postid=3&postid=4&postid=5,161,0,0
1688556487417,713,GET All Activities,200,OK,StressTest 1-6,text,true,,36933,149,20,20,https://dummyjson.com/users,710,0,401
1688556487967,162,Get User,200,OK,StressTest 1-1,text,true,,1699,196,20,20,https://dummyjson.com/users/1?postid=1&postid=2&postid=3&postid=4&postid=5,162,0,0
1688556487465,666,GET All Activities,200,OK,StressTest 1-7,text,true,,36933,149,20,20,https://dummyjson.com/users,665,0,353
1688556487966,165,Get User,200,OK,StressTest 1-4,text,true,,1699,196,20,20,https://dummyjson.com/users/1?postid=1&postid=2&postid=3&postid=4&postid=5,165,0,0
1688556487504,637,GET All Activities,200,OK,StressTest 1-8,text,true,,36933,149,20,20,https://dummyjson.com/users,483,0,331
1688556488008,157,Get User,200,OK,StressTest 1-5,text,true,,1699,196,20,20,https://dummyjson.com/users/1?postid=1&postid=2&postid=3&postid=4&postid=5,157,0,0
1688556487620,620,GET All Activities,200,OK,StressTest 1-10,text,true,,36933,149,20,20,https://dummyjson.com/users,617,0,311
1688556488129,156,Get User,200,OK,StressTest 1-6,text,true,,1699,196,20,20,https://dummyjson.com/users/1?postid=1&postid=2&postid=3&postid=4&postid=5,156,0,0
1688556488130,161,Get User,200,OK,StressTest 1-7,text,true,,1698,196,20,20,https://dummyjson.com/users/1?postid=1&postid=2&postid=3&postid=4&postid=5,161,0,0
1688556488127,165,create user,200,OK,StressTest 1-3,text,true,,1192,237,20,20,https://dummyjson.com/users/add,165,0,0
1688556488127,164,create user,200,OK,StressTest 1-2,text,true,,1192,237,20,20,https://dummyjson.com/users/add,164,0,0
1688556488132,160,create user,200,OK,StressTest 1-4,text,true,,1192,237,20,20,https://dummyjson.com/users/add,160,0,0
1688556488129,162,create user,200,OK,StressTest 1-1,text,true,,1192,237,20,20,https://dummyjson.com/users/add,162,0,0
1688556488141,157,Get User,200,OK,StressTest 1-8,text,true,,1698,196,20,20,https://dummyjson.com/users/1?postid=1&postid=2&postid=3&postid=4&postid=5,157,0,0
1688556487670,630,GET All Activities,200,OK,StressTest 1-11,text,true,,36933,149,20,20,https://dummyjson.com/users,629,0,319
1688556487703,625,GET All Activities,200,OK,StressTest 1-12,text,true,,36933,149,20,20,https://dummyjson.com/users,620,0,312
1688556488168,159,create user,200,OK,StressTest 1-5,text,true,,1192,237,20,20,https://dummyjson.com/users/add,159,0,0
1688556487578,779,GET All Activities,200,OK,StressTest 1-9,text,true,,36933,149,20,20,https://dummyjson.com/users,776,0,316
1688556487766,623,GET All Activities,200,OK,StressTest 1-13,text,true,,36933,149,20,20,https://dummyjson.com/users,620,0,312
1688556488241,155,Get User,200,OK,StressTest 1-10,text,true,,1698,196,20,20,https://dummyjson.com/users/1?postid=1&postid=2&postid=3&postid=4&postid=5,155,0,0
1688556487807,635,GET All Activities,200,OK,StressTest 1-14,text,true,,36933,149,20,20,https://dummyjson.com/users,474,0,314
1688556488292,158,create user,200,OK,StressTest 1-7,text,true,,1192,237,20,20,https://dummyjson.com/users/add,158,0,0
1688556488292,158,update user,200,OK,StressTest 1-2,text,true,,1491,234,20,20,https://dummyjson.com/users/1,158,0,0
1688556488298,154,create user,200,OK,StressTest 1-8,text,true,,1192,237,20,20,https://dummyjson.com/users/add,154,0,0
1688556488292,161,update user,200,OK,StressTest 1-4,text,true,,1491,234,20,20,https://dummyjson.com/users/1,161,0,0
1688556488292,162,update user,200,OK,StressTest 1-1,text,true,,1491,234,20,20,https://dummyjson.com/users/1,162,0,0
1688556488299,157,Get User,200,OK,StressTest 1-11,text,true,,1698,196,20,20,https://dummyjson.com/users/1?postid=1&postid=2&postid=3&postid=4&postid=5,157,0,0
1688556488292,165,update user,200,OK,StressTest 1-3,text,true,,1491,234,20,20,https://dummyjson.com/users/1,165,0,0
1688556487853,629,GET All Activities,200,OK,StressTest 1-15,text,true,,36932,149,20,20,https://dummyjson.com/users,475,0,317
1688556488327,156,update user,200,OK,StressTest 1-5,text,true,,1491,234,20,20,https://dummyjson.com/users/1,156,0,0
1688556488327,156,Get User,200,OK,StressTest 1-12,text,true,,1698,196,20,20,https://dummyjson.com/users/1?postid=1&postid=2&postid=3&postid=4&postid=5,156,0,0
1688556488356,156,Get User,200,OK,StressTest 1-9,text,true,,1698,196,20,20,https://dummyjson.com/users/1?postid=1&postid=2&postid=3&postid=4&postid=5,156,0,0
1688556487893,628,GET All Activities,200,OK,StressTest 1-16,text,true,,36932,149,20,20,https://dummyjson.com/users,476,0,317
1688556488389,154,Get User,200,OK,StressTest 1-13,text,true,,1698,196,20,20,https://dummyjson.com/users/1?postid=1&postid=2&postid=3&postid=4&postid=5,154,0,0
1688556488396,157,create user,200,OK,StressTest 1-10,text,true,,1192,237,20,20,https://dummyjson.com/users/add,157,0,0
1688556487963,630,GET All Activities,200,OK,StressTest 1-17,text,true,,36932,149,20,20,https://dummyjson.com/users,475,0,316
1688556488442,152,Get User,200,OK,StressTest 1-14,text,true,,1698,196,20,20,https://dummyjson.com/users/1?postid=1&postid=2&postid=3&postid=4&postid=5,152,0,0
1688556487998,621,GET All Activities,200,OK,StressTest 1-18,text,true,,36932,149,20,20,https://dummyjson.com/users,467,0,312
1688556488454,178,delete user,200,OK,StressTest 1-1,text,true,,1754,237,20,20,https://dummyjson.com/users/1,178,0,0
1688556488453,179,update user,200,OK,StressTest 1-8,text,true,,1491,234,20,20,https://dummyjson.com/users/1,179,0,0
1688556488450,182,delete user,200,OK,StressTest 1-2,text,true,,1754,237,20,20,https://dummyjson.com/users/1,182,0,0
1688556488450,183,update user,200,OK,StressTest 1-7,text,true,,1491,234,20,20,https://dummyjson.com/users/1,183,0,0
1688556488457,181,delete user,200,OK,StressTest 1-3,text,true,,1754,237,20,20,https://dummyjson.com/users/1,181,0,0
1688556488456,182,create user,200,OK,StressTest 1-11,text,true,,1192,237,20,20,https://dummyjson.com/users/add,182,0,0
1688556488453,185,delete user,200,OK,StressTest 1-4,text,true,,1754,237,20,20,https://dummyjson.com/users/1,185,0,0
1688556488483,166,create user,200,OK,StressTest 1-12,text,true,,1192,237,16,16,https://dummyjson.com/users/add,166,0,0
1688556488483,166,Get User,200,OK,StressTest 1-15,text,true,,1698,196,16,16,https://dummyjson.com/users/1?postid=1&postid=2&postid=3&postid=4&postid=5,166,0,0
1688556488483,166,delete user,200,OK,StressTest 1-5,text,true,,1754,237,16,16,https://dummyjson.com/users/1,166,0,0
1688556488512,156,create user,200,OK,StressTest 1-9,text,true,,1192,237,15,15,https://dummyjson.com/users/add,156,0,0
1688556488521,154,Get User,200,OK,StressTest 1-16,text,true,,1698,196,15,15,https://dummyjson.com/users/1?postid=1&postid=2&postid=3&postid=4&postid=5,154,0,0
1688556488543,156,create user,200,OK,StressTest 1-13,text,true,,1192,237,15,15,https://dummyjson.com/users/add,156,0,0
1688556488101,613,GET All Activities,200,OK,StressTest 1-20,text,true,,36932,149,15,15,https://dummyjson.com/users,609,0,306
1688556488553,154,update user,200,OK,StressTest 1-10,text,true,,1491,234,15,15,https://dummyjson.com/users/1,154,0,0
1688556488049,699,GET All Activities,200,OK,StressTest 1-19,text,true,,36932,149,15,15,https://dummyjson.com/users,545,0,310
1688556488594,154,create user,200,OK,StressTest 1-14,text,true,,1192,237,15,15,https://dummyjson.com/users/add,154,0,0
1688556488593,156,Get User,200,OK,StressTest 1-17,text,true,,1698,196,15,15,https://dummyjson.com/users/1?postid=1&postid=2&postid=3&postid=4&postid=5,156,0,0
1688556488619,155,Get User,200,OK,StressTest 1-18,text,true,,1698,196,15,15,https://dummyjson.com/users/1?postid=1&postid=2&postid=3&postid=4&postid=5,155,0,0
1688556488632,155,delete user,200,OK,StressTest 1-8,text,true,,1754,237,15,15,https://dummyjson.com/users/1,155,0,0
1688556488633,154,delete user,200,OK,StressTest 1-7,text,true,,1754,237,15,15,https://dummyjson.com/users/1,154,0,0
1688556488638,156,update user,200,OK,StressTest 1-11,text,true,,1491,234,13,13,https://dummyjson.com/users/1,156,0,0
1688556488649,154,create user,200,OK,StressTest 1-15,text,true,,1192,237,13,13,https://dummyjson.com/users/add,154,0,0
1688556488649,155,update user,200,OK,StressTest 1-12,text,true,,1491,234,13,13,https://dummyjson.com/users/1,155,0,0
1688556488668,159,update user,200,OK,StressTest 1-9,text,true,,1491,234,13,13,https://dummyjson.com/users/1,159,0,0
1688556488675,154,create user,200,OK,StressTest 1-16,text,true,,1192,237,13,13,https://dummyjson.com/users/add,154,0,0
1688556488285,567,create user,200,OK,StressTest 1-6,text,true,,1192,237,13,13,https://dummyjson.com/users/add,567,0,0
1688556488699,153,update user,200,OK,StressTest 1-13,text,true,,1491,234,13,13,https://dummyjson.com/users/1,153,0,0
1688556488717,154,Get User,200,OK,StressTest 1-20,text,true,,1698,196,13,13,https://dummyjson.com/users/1?postid=1&postid=2&postid=3&postid=4&postid=5,154,0,0
1688556488717,155,delete user,200,OK,StressTest 1-10,text,true,,1754,237,13,13,https://dummyjson.com/users/1,155,0,0
1688556488749,153,Get User,200,OK,StressTest 1-19,text,true,,1698,196,12,12,https://dummyjson.com/users/1?postid=1&postid=2&postid=3&postid=4&postid=5,153,0,0
1688556488749,153,update user,200,OK,StressTest 1-14,text,true,,1491,234,12,12,https://dummyjson.com/users/1,153,0,0
1688556488750,158,create user,200,OK,StressTest 1-17,text,true,,1192,237,12,12,https://dummyjson.com/users/add,158,0,0
1688556488774,155,create user,200,OK,StressTest 1-18,text,true,,1192,237,12,12,https://dummyjson.com/users/add,155,0,0
1688556488794,157,delete user,200,OK,StressTest 1-11,text,true,,1754,237,12,12,https://dummyjson.com/users/1,157,0,0
1688556488804,159,delete user,200,OK,StressTest 1-12,text,true,,1754,237,11,11,https://dummyjson.com/users/1,159,0,0
1688556488803,160,update user,200,OK,StressTest 1-15,text,true,,1491,234,11,11,https://dummyjson.com/users/1,160,0,0
1688556488829,161,update user,200,OK,StressTest 1-16,text,true,,1491,234,10,10,https://dummyjson.com/users/1,161,0,0
1688556488827,163,delete user,200,OK,StressTest 1-9,text,true,,1754,237,10,10,https://dummyjson.com/users/1,163,0,0
1688556488852,158,delete user,200,OK,StressTest 1-13,text,true,,1754,237,9,9,https://dummyjson.com/users/1,158,0,0
1688556488852,158,update user,200,OK,StressTest 1-6,text,true,,1491,234,9,9,https://dummyjson.com/users/1,158,0,0
1688556488871,159,create user,200,OK,StressTest 1-20,text,true,,1192,237,8,8,https://dummyjson.com/users/add,159,0,0
1688556488902,160,create user,200,OK,StressTest 1-19,text,true,,1192,237,8,8,https://dummyjson.com/users/add,160,0,0
1688556488902,160,delete user,200,OK,StressTest 1-14,text,true,,1754,237,8,8,https://dummyjson.com/users/1,160,0,0
1688556488908,156,update user,200,OK,StressTest 1-17,text,true,,1491,234,7,7,https://dummyjson.com/users/1,156,0,0
1688556488930,156,update user,200,OK,StressTest 1-18,text,true,,1491,234,7,7,https://dummyjson.com/users/1,156,0,0
1688556488963,156,delete user,200,OK,StressTest 1-15,text,true,,1754,237,7,7,https://dummyjson.com/users/1,156,0,0
1688556488992,157,delete user,200,OK,StressTest 1-16,text,true,,1754,237,6,6,https://dummyjson.com/users/1,157,0,0
1688556489010,154,delete user,200,OK,StressTest 1-6,text,true,,1754,237,5,5,https://dummyjson.com/users/1,154,0,0
1688556489030,153,update user,200,OK,StressTest 1-20,text,true,,1491,234,4,4,https://dummyjson.com/users/1,153,0,0
1688556489064,153,delete user,200,OK,StressTest 1-17,text,true,,1754,237,4,4,https://dummyjson.com/users/1,153,0,0
1688556489062,153,update user,200,OK,StressTest 1-19,text,true,,1491,234,4,4,https://dummyjson.com/users/1,153,0,0
1688556489087,156,delete user,200,OK,StressTest 1-18,text,true,,1754,237,3,3,https://dummyjson.com/users/1,156,0,0
1688556489184,154,delete user,200,OK,StressTest 1-20,text,true,,1754,237,2,2,https://dummyjson.com/users/1,154,0,0
1688556489233,157,delete user,200,OK,StressTest 1-19,text,true,,1754,237,1,1,https://dummyjson.com/users/1,157,0,0
